UniProt ID	HGVSP	Label
Q8NHQ9	p.Thr91Ile	Pathogenic
P00973	p.Gly397Arg	Pathogenic
O15245	p.Gly220Ala	Pathogenic
Q86WN1	p.Leu101Phe	Pathogenic
P21266	p.Arg86His	Pathogenic
Q709C8	p.Tyr1259Cys	Pathogenic
Q14151	p.Gly815Ser	Pathogenic
A7E2Y1	p.Ala25Thr	Pathogenic
Q9HCR9	p.Tyr727Cys	Pathogenic
Q8N806	p.Ser277Asn	Pathogenic
P42684	p.Lys915Arg	Pathogenic
P01583	p.Gln90Lys	Pathogenic
A0A1B0GUV7	p.Thr74Ile	Pathogenic
Q96IT1	p.Arg313Cys	Pathogenic
Q96M86	p.Asp987Gly	Pathogenic
Q30201	p.Cys268Tyr	Pathogenic
Q96BT7	p.Asn49Ser	Pathogenic
Q86YR5	p.Ser391Leu	Pathogenic
Q8TEP8	p.Glu459Lys	Pathogenic
P01920	p.Val15Glu	Pathogenic
P50591	p.Val80Ala	Pathogenic
Q5T5P2	p.Val919Ile	Pathogenic
Q6XUX3	p.Gly85Glu	Pathogenic
Q8IW41	p.Arg442His	Pathogenic
Q13823	p.Arg682Gln	Pathogenic
A2RU49	p.Lys343Glu	Pathogenic
Q9BYH8	p.Asn648Ser	Pathogenic
P02649	p.Cys130Arg	Pathogenic
Q9UBX7	p.Arg134Cys	Pathogenic
P57740	p.Tyr403His	Pathogenic
Q9Y5S8	p.Ile114Val	Pathogenic
Q9Y450	p.Glu343Ala	Pathogenic
P10321	p.Gln277Glu	Pathogenic
P08183	p.Ser400Ile	Pathogenic
Q96MK3	p.Asn194Lys	Pathogenic
P50443	p.Arg279Trp	Pathogenic
Q2TAC2	p.Gln810Glu	Pathogenic
Q02252	p.Pro252Leu	Pathogenic
P38398	p.Ser1634Gly	Pathogenic
Q9H209	p.Gln237Lys	Pathogenic
Q9HA77	p.Val497Ile	Pathogenic
Q685J3	p.Ser2352Gly	Pathogenic
O94901	p.His68Tyr	Pathogenic
Q86YF9	p.Pro717Ser	Pathogenic
Q5SNV9	p.Arg1191His	Pathogenic
Q96KW2	p.Gly644Cys	Pathogenic
Q9H201	p.Arg357Gly	Pathogenic
Q8NGR2	p.Ile215Thr	Pathogenic
Q12809	p.Arg784Gly	Pathogenic
Q8WWI1	p.Pro1213Gln	Pathogenic
O00476	p.Thr149Ile	Pathogenic
P0CF97	p.Ser443Asn	Pathogenic
Q9HCK1	p.Ala1303Val	Pathogenic
Q9NSC7	p.Gly98Arg	Pathogenic
Q8NGY3	p.Arg292Lys	Pathogenic
P48454	p.Lys460Arg	Pathogenic
P04626	p.Ile655Phe	Pathogenic
Q9UQ84	p.Ser422Asn	Pathogenic
B2RC52	p.Val337Ile	Pathogenic
Q92543	p.His333Tyr	Pathogenic
P10321	p.Cys350Ser	Pathogenic
Q9H013	p.Ser284Gly	Pathogenic
Q5T9C9	p.Arg273Gln	Pathogenic
Q6P5Z2	p.Asp337His	Pathogenic
P11182	p.Gly384Cys	Pathogenic
P78310	p.His195Arg	Pathogenic
O43240	p.Val153Ile	Pathogenic
Q4G0N8	p.Asp696Gly	Pathogenic
Q6ZTQ3	p.Ser131Pro	Pathogenic
Q9H579	p.Ser519Pro	Pathogenic
Q6W4X9	p.Val619Met	Pathogenic
O76082	p.Phe17Leu	Pathogenic
P56537	p.Val26Leu	Pathogenic
P06727	p.Thr367Ala	Pathogenic
A0A0A0MRA3	p.Leu4429Phe	Pathogenic
Q15413	p.Gly2270Glu	Pathogenic
A6NCV1	p.Ser247Phe	Pathogenic
Q13201	p.Glu518Lys	Pathogenic
Q8TBY9	p.Gly62Glu	Pathogenic
Q96P15	p.Ser303Pro	Pathogenic
Q14746	p.Thr511Ser	Pathogenic
Q8IYK4	p.Pro233Leu	Pathogenic
Q86YB8	p.Glu322Asp	Pathogenic
O15534	p.Val1027Ile	Pathogenic
P30281	p.Ser259Thr	Pathogenic
Q8TCU4	p.Arg2510Trp	Pathogenic
Q8WXI7	p.His4166Asn	Pathogenic
Q96QH2	p.Pro73Leu	Pathogenic
A0A140T9Z0	p.Ala267Val	Pathogenic
Q9Y618	p.Gly2397Ser	Pathogenic
P17927	p.His1658Arg	Pathogenic
P30281	p.Ser259Pro	Pathogenic
Q02952	p.Ile1130Val	Pathogenic
Q6P1K2	p.Gln75Pro	Pathogenic
Q9BQN1	p.Arg661His	Pathogenic
Q8NB66	p.Arg171His	Pathogenic
O15484	p.Arg615Gln	Pathogenic
Q13936	p.Pro1820Leu	Pathogenic
O15169	p.Gly650Ser	Pathogenic
Q86YD5	p.Lys128Glu	Pathogenic
A3KMH1	p.Ile1439Leu	Pathogenic
Q9NZ56	p.Arg734Gln	Pathogenic
Q8TE68	p.Asp133Asn	Pathogenic
P33527	p.Thr1337Ala	Pathogenic
P58107	p.Pro804Ser	Pathogenic
P55211	p.Arg192Gly	Pathogenic
Q6P9F5	p.Thr183Met	Pathogenic
P35580	p.Ala1726Val	Pathogenic
Q6ZMT9	p.Arg387Cys	Pathogenic
Q96LU7	p.Ser157Ala	Pathogenic
Q9UFH2	p.Val1736Ile	Pathogenic
Q2VWP7	p.Lys977Thr	Pathogenic
Q96RW7	p.Asn262Ser	Pathogenic
Q9HC29	p.Gly908Cys	Pathogenic
O75969	p.Pro111Leu	Pathogenic
Q14674	p.Ala25Asp	Pathogenic
P57055	p.Arg143Gln	Pathogenic
Q9UJ55	p.Thr1006Ser	Pathogenic
Q9H3S7	p.Phe161Leu	Pathogenic
P10646	p.Asn229Ser	Pathogenic
P10321	p.Gly16Ala	Pathogenic
Q96QT4	p.Thr615Ala	Pathogenic
O75683	p.Thr175Arg	Pathogenic
Q9Y3C1	p.Glu183Gly	Pathogenic
P02730	p.Pro327Arg	Pathogenic
Q8N841	p.Trp20Arg	Pathogenic
Q3MIW9	p.Arg1393Gln	Pathogenic
P21912	p.Gly53Glu	Pathogenic
P0C671	p.Arg192His	Pathogenic
Q0VG01	p.Glu774Ala	Pathogenic
Q8IYJ3	p.Glu366Lys	Pathogenic
P28039	p.Ser179Ala	Pathogenic
P25942	p.Arg182Trp	Pathogenic
Q8TDJ6	p.Leu2408Phe	Pathogenic
Q9BWV7	p.Asp338Gly	Pathogenic
Q7Z5J1	p.Arg269Pro	Pathogenic
Q7Z3B3	p.Phe917Leu	Pathogenic
Q7Z398	p.Glu25Lys	Pathogenic
O00241	p.Lys305Arg	Pathogenic
Q8WUI4	p.Ser526Pro	Pathogenic
P00488	p.Val170Ile	Pathogenic
O15439	p.Gln1314Arg	Pathogenic
Q9NYY8	p.Ser10Thr	Pathogenic
Q9Y6D9	p.Arg558Pro	Pathogenic
Q5TCQ9	p.Gly1318Asp	Pathogenic
Q13107	p.Asp367Glu	Pathogenic
Q9BTV4	p.Arg299Thr	Pathogenic
Q9H221	p.Thr400Met	Pathogenic
Q9Y6V0	p.Ser4814Ala	Pathogenic
Q8IWF9	p.Pro398Leu	Pathogenic
Q9Y267	p.Arg424Gln	Pathogenic
P50052	p.Pro271Leu	Pathogenic
Q8N8Z8	p.Val122Ile	Pathogenic
P10321	p.Gln277Lys	Pathogenic
P17023	p.Cys415Gly	Pathogenic
P01920	p.Val15Ala	Pathogenic
O75369	p.Gly1432Ala	Pathogenic
Q8N4M1	p.Val390Ile	Pathogenic
Q8N398	p.Arg771Gln	Pathogenic
Q8J025	p.Thr420Met	Pathogenic
P0C6A0	p.Ile268Val	Pathogenic
Q9C0I4	p.Asp503Glu	Pathogenic
P06276	p.Thr271Met	Pathogenic
P58107	p.Val1649Ile	Pathogenic
E2RYF6	p.Arg109Gly	Pathogenic
Q86YV0	p.Leu117Pro	Pathogenic
Q99743	p.Thr211Ala	Pathogenic
Q7Z410	p.Thr1044Ile	Pathogenic
Q86TJ5	p.Thr368Met	Pathogenic
Q16827	p.Asp1074Glu	Pathogenic
O95125	p.Val154Gly	Pathogenic
Q8WXX0	p.Arg768Cys	Pathogenic
A0A126GVR8	p.His56Arg	Pathogenic
P08709	p.Arg413Pro	Pathogenic
Q63ZE4	p.Pro516Leu	Pathogenic
Q9UKN1	p.Ala101Thr	Pathogenic
Q9P2N4	p.Val1597Met	Pathogenic
Q3MJ13	p.Pro306Leu	Pathogenic
Q8NB25	p.Ala27Glu	Pathogenic
Q8N554	p.Trp188Arg	Pathogenic
P78417	p.Thr163Ile	Pathogenic
P06858	p.Asn318Ser	Pathogenic
O75691	p.Arg1520His	Pathogenic
Q8IYX7	p.Thr171Ile	Pathogenic
Q8TAX9	p.Pro289Ser	Pathogenic
P38935	p.Ile535Val	Pathogenic
Q96DX8	p.Thr131Met	Pathogenic
Q8TAT2	p.Pro12Leu	Pathogenic
Q8TEW8	p.Thr866Ile	Pathogenic
Q32MZ4	p.Arg666Thr	Pathogenic
Q96AY3	p.Pro164Leu	Pathogenic
Q5H8C1	p.Met137Ile	Pathogenic
P38398	p.Glu1038Val	Pathogenic
P31930	p.Glu435Lys	Pathogenic
Q96QC4	p.Arg29Pro	Pathogenic
Q8NI77	p.His755Tyr	Pathogenic
A6NJG6	p.Thr196Ile	Pathogenic
Q5XG92	p.Ser258Arg	Pathogenic
Q8WVE6	p.Val68Leu	Pathogenic
Q9H579	p.Lys359Arg	Pathogenic
P05164	p.Ala332Val	Pathogenic
Q5DID0	p.Ala542Thr	Pathogenic
Q07954	p.Arg4518Cys	Pathogenic
Q96MS0	p.Asp495Glu	Pathogenic
P28329	p.Asp7Asn	Pathogenic
P22309	p.Gly71Arg	Pathogenic
Q6ZMP0	p.Ser903Asn	Pathogenic
O43184	p.Arg71Gln	Pathogenic
Q86VF7	p.Arg849Cys	Pathogenic
P38398	p.Pro871Gln	Pathogenic
Q86YN6	p.Arg893Gln	Pathogenic
Q8N9I5	p.Arg275Leu	Pathogenic
P06276	p.Gly418Val	Pathogenic
Q12955	p.Asp2319Asn	Pathogenic
Q9Y2I9	p.Arg116Cys	Pathogenic
Q9Y5A7	p.Arg455Cys	Pathogenic
P08123	p.Val1047Met	Pathogenic
Q96GQ7	p.Gly206Ala	Pathogenic
Q8NG78	p.Gly239Glu	Pathogenic
Q4ZG55	p.Glu1144Lys	Pathogenic
Q6UWF7	p.Tyr114His	Pathogenic
Q5SNV9	p.Arg776Cys	Pathogenic
P05177	p.Ile386Val	Pathogenic
Q9C0E8	p.Thr159Ser	Pathogenic
Q9NUQ6	p.Ala346Thr	Pathogenic
Q06033	p.Lys49Glu	Pathogenic
O15259	p.Ile45Leu	Pathogenic
Q8IY33	p.Ala180Val	Pathogenic
Q9NR11	p.Tyr89Cys	Pathogenic
P18887	p.Gln399Arg	Pathogenic
P15173	p.Arg37Gln	Pathogenic
P46721	p.Arg168Cys	Pathogenic
P33993	p.Thr283Ala	Pathogenic
Q8IVL1	p.Gln468His	Pathogenic
Q96JN0	p.Ile845Leu	Pathogenic
Q9NS56	p.Tyr836Cys	Pathogenic
A6NFU8	p.Ala88Val	Pathogenic
P33261	p.Met1Val	Pathogenic
Q8NBA8	p.Glu33Asp	Pathogenic
Q8N6M5	p.Cys290Arg	Pathogenic
Q8N841	p.Trp20Gly	Pathogenic
Q6ZNJ1	p.Arg2289Gln	Pathogenic
Q8TF21	p.Ser684Pro	Pathogenic
P58107	p.Tyr744Cys	Pathogenic
P46779	p.Ala34Thr	Pathogenic
Q6UWS5	p.Arg53Gly	Pathogenic
Q96JQ0	p.Arg498Gln	Pathogenic
A4UGR9	p.Ile3197Val	Pathogenic
Q9NWS9	p.Arg421Trp	Pathogenic
Q9UJ04	p.Ala78Thr	Pathogenic
Q9HD67	p.Met903Lys	Pathogenic
Q96RE7	p.Ala488Thr	Pathogenic
Q14956	p.Leu207Phe	Pathogenic
P12270	p.Val1178Ile	Pathogenic
P02751	p.Arg2275Gln	Pathogenic
Q9H222	p.Arg50Ser	Pathogenic
Q12923	p.Asp599His	Pathogenic
Q3KNS1	p.Cys407Arg	Pathogenic
P10321	p.Leu218Ile	Pathogenic
Q9BY32	p.Pro32Thr	Pathogenic
Q6MZZ7	p.Gln132Leu	Pathogenic
Q8N5Q1	p.Lys629Glu	Pathogenic
P10321	p.Ser101Asn	Pathogenic
Q92620	p.Thr16Ser	Pathogenic
Q8TDD1	p.Ala525Val	Pathogenic
Q9C0A1	p.Val1545Ala	Pathogenic
Q687X5	p.Gly322Glu	Pathogenic
Q96QC4	p.Gly198Ser	Pathogenic
O14763	p.Arg257Cys	Pathogenic
Q96I99	p.Thr396Ala	Pathogenic
P08637	p.Phe281Val	Pathogenic
P20073	p.Pro143His	Pathogenic
Q8TDX6	p.Thr205Met	Pathogenic
Q711Q0	p.Asn651Ser	Pathogenic
B2RD01	p.Thr168Ile	Pathogenic
Q5JVL4	p.Arg159Gly	Pathogenic
A2RTY3	p.Arg176His	Pathogenic
Q96P15	p.Glu51Ala	Pathogenic
O94812	p.Arg245His	Pathogenic
Q9NY26	p.Arg65His	Pathogenic
Q96PZ7	p.Asn1497Ser	Pathogenic
A0A0A0MRA3	p.Thr4361Pro	Pathogenic
P11712	p.Arg150Leu	Pathogenic
P00533	p.Arg521Thr	Pathogenic
Q14790	p.Lys14Arg	Pathogenic
Q6UWU4	p.Pro58His	Pathogenic
P18825	p.Glu158Lys	Pathogenic
Q5T2T1	p.Ala72Val	Pathogenic
Q05469	p.Arg611Cys	Pathogenic
Q0D2K2	p.Arg108His	Pathogenic
Q9Y5H1	p.Arg71Met	Pathogenic
Q8NCX0	p.Arg589His	Pathogenic
Q8IUZ0	p.Arg559His	Pathogenic
Q16706	p.Pro1027Ser	Pathogenic
Q96QC4	p.Val152Met	Pathogenic
Q06547	p.Asn239Ser	Pathogenic
Q96DT5	p.Ser1488Phe	Pathogenic
Q8WTP8	p.Gly100Arg	Pathogenic
P03952	p.Ser143Thr	Pathogenic
Q92995	p.Ala107Val	Pathogenic
Q96PC5	p.Asp547His	Pathogenic
Q96L15	p.Thr284Lys	Pathogenic
Q8N5R6	p.Met432Val	Pathogenic
P33527	p.Ala989Thr	Pathogenic
Q9H4A3	p.Ile1424Met	Pathogenic
Q9NQS7	p.Met506Arg	Pathogenic
Q96HQ0	p.Gly213Asp	Pathogenic
Q14517	p.Val482Ile	Pathogenic
P23467	p.Thr838Ile	Pathogenic
Q5VST9	p.Leu6554Phe	Pathogenic
P54257	p.Thr441Met	Pathogenic
Q7Z442	p.Ile429Val	Pathogenic
Q8N4N8	p.Arg437Trp	Pathogenic
B1AHC3	p.Pro515Leu	Pathogenic
Q5H9U9	p.Asn1488Asp	Pathogenic
Q9NPR2	p.Met163Ile	Pathogenic
P19438	p.Arg121Gln	Pathogenic
Q14397	p.Leu446Pro	Pathogenic
A5PLN7	p.Pro241Leu	Pathogenic
P68371	p.Asp327Glu	Pathogenic
Q8IYG6	p.Ser296Phe	Pathogenic
Q685J3	p.Thr4143Ser	Pathogenic
P00751	p.Lys533Arg	Pathogenic
Q9BXN2	p.Ser115Leu	Pathogenic
Q9Y666	p.Ala244Ser	Pathogenic
F8W9F9	p.Val828Met	Pathogenic
Q8TF74	p.Ala79Val	Pathogenic
O94823	p.Asn865Asp	Pathogenic
Q92614	p.Arg1736His	Pathogenic
Q8TDG4	p.Val306Ile	Pathogenic
P15502	p.Gly651Arg	Pathogenic
Q6ZV89	p.His135Tyr	Pathogenic
O15446	p.Gln506Lys	Pathogenic
O15553	p.Leu110Pro	Pathogenic
Q53SF7	p.Asn939Asp	Pathogenic
P08588	p.Gly389Arg	Pathogenic
O75807	p.Arg65Gly	Pathogenic
Q12913	p.Gln276Pro	Pathogenic
P98077	p.Asn203Ser	Pathogenic
Q6L9W6	p.Ala595Val	Pathogenic
A0A494C0W3	p.Ile412Val	Pathogenic
P48634	p.Leu1895Ile	Pathogenic
Q8WZ42	p.Lys11752Glu	Pathogenic
Q6UW02	p.Thr83Asn	Pathogenic
Q9H9A7	p.Ala483Val	Pathogenic
Q7Z3B3	p.Arg247Ser	Pathogenic
Q8IVL1	p.Asp2421Glu	Pathogenic
P98164	p.Asn1669Asp	Pathogenic
Q8IY33	p.Thr430Ala	Pathogenic
Q96MU6	p.Gln553His	Pathogenic
Q8TE73	p.Ala4134Gly	Pathogenic
Q8WUM0	p.Arg962His	Pathogenic
P52848	p.Ile25Val	Pathogenic
Q5SRE5	p.Asp1280Gly	Pathogenic
Q9Y5G9	p.Tyr491Cys	Pathogenic
P49748	p.Arg615Gln	Pathogenic
Q8WWI1	p.Val609Ile	Pathogenic
P20073	p.Asp455His	Pathogenic
O15442	p.Gly110Ala	Pathogenic
B7ZLG7	p.Thr376Ile	Pathogenic
Q9UKI9	p.Gly10Glu	Pathogenic
Q6UWE0	p.Ile157Val	Pathogenic
Q9Y2G1	p.Arg885His	Pathogenic
Q2TAC2	p.Ala412Pro	Pathogenic
P15086	p.Ala339Val	Pathogenic
Q2M1P5	p.Pro555Ser	Pathogenic
O94986	p.His681Tyr	Pathogenic
O60479	p.Gly278Arg	Pathogenic
Q9H425	p.Ser13Leu	Pathogenic
Q96M86	p.Asp3313Asn	Pathogenic
Q685J3	p.Thr415Ala	Pathogenic
P57679	p.Gly957Arg	Pathogenic
Q9NUG4	p.Ile327Phe	Pathogenic
Q5TCS8	p.Pro815Ser	Pathogenic
A0A5H1ZRP1	p.Val74Ala	Pathogenic
Q9UKU7	p.Asn186Ser	Pathogenic
Q9UL12	p.Met90Ile	Pathogenic
Q6UXY8	p.Ala109Thr	Pathogenic
Q6ZNR0	p.Ile38Thr	Pathogenic
Q6R2W3	p.Ile893Leu	Pathogenic
Q5TGP6	p.Val464Met	Pathogenic
O94916	p.Gln1157Arg	Pathogenic
P54253	p.Pro753Ala	Pathogenic
Q9H175	p.Ser414Gly	Pathogenic
Q9NP71	p.Ala358Val	Pathogenic
Q96MH2	p.Arg279His	Pathogenic
Q96MT7	p.His1657Arg	Pathogenic
P29322	p.Ser457Pro	Pathogenic
P20813	p.Met198Thr	Pathogenic
O76001	p.Ile228Val	Pathogenic
Q5SNV9	p.Cys1271Ser	Pathogenic
Q15043	p.Phe158Ile	Pathogenic
Q9UKK3	p.Pro1328Thr	Pathogenic
O14893	p.Thr134Ser	Pathogenic
Q8NCG7	p.Ala103Val	Pathogenic
P17174	p.Gln370Glu	Pathogenic
Q13765	p.Val336Glu	Pathogenic
Q15413	p.Arg1641Cys	Pathogenic
O43147	p.Val1041Ile	Pathogenic
P38398	p.Ser1634Cys	Pathogenic
Q96PU5	p.Ile66Leu	Pathogenic
Q8IVF2	p.His4673Leu	Pathogenic
P06681	p.Glu186Asp	Pathogenic
O95238	p.Pro13Arg	Pathogenic
Q9NQ38	p.Arg932Lys	Pathogenic
Q15025	p.Asn95Ser	Pathogenic
P09525	p.Val315Phe	Pathogenic
Q08AH1	p.Thr278Ser	Pathogenic
P33764	p.Arg77Cys	Pathogenic
Q9UBM1	p.Val212Met	Pathogenic
P28068	p.Thr197Ile	Pathogenic
Q7Z5Q5	p.Gln124Pro	Pathogenic
Q9H015	p.Asp165Gly	Pathogenic
Q8NGL3	p.Met2Val	Pathogenic
P19438	p.Arg121Pro	Pathogenic
O00522	p.Arg167Cys	Pathogenic
Q31604	p.Val166Ile	Pathogenic
Q6P4R8	p.Thr1060Ile	Pathogenic
Q5SQS7	p.Ala153Ser	Pathogenic
Q15063	p.Gly453Arg	Pathogenic
Q96N46	p.Asp155Glu	Pathogenic
O14490	p.Gln110His	Pathogenic
Q9HC84	p.Ser452Thr	Pathogenic
O43345	p.Ser961Asn	Pathogenic
Q9UPZ6	p.Val1314Ala	Pathogenic
Q8TCU4	p.Arg4031Lys	Pathogenic
P14780	p.Arg668Pro	Pathogenic
Q8IWY4	p.Thr225Met	Pathogenic
O95153	p.Arg889Gln	Pathogenic
Q8WVB6	p.Pro892Ala	Pathogenic
O43315	p.Val253Ala	Pathogenic
Q6UW32	p.Cys37Gly	Pathogenic
Q8TBY9	p.Leu650Phe	Pathogenic
Q7Z5M8	p.Ile175Val	Pathogenic
Q9Y226	p.Arg16His	Pathogenic
Q7Z3H0	p.Pro85Leu	Pathogenic
Q8NGE9	p.Pro26Ser	Pathogenic
Q9H5J8	p.Leu221Val	Pathogenic
P49815	p.Arg261Pro	Pathogenic
O43264	p.Ser213Leu	Pathogenic
O43280	p.Ile328Thr	Pathogenic
Q16653	p.Ile58Val	Pathogenic
Q8WZ42	p.Gln7298His	Pathogenic
Q9UGK8	p.Tyr416Cys	Pathogenic
Q9UPY3	p.Asp609Tyr	Pathogenic
Q9UKV0	p.Thr162Ser	Pathogenic
Q7L4E1	p.Val164Ala	Pathogenic
Q9NRM0	p.Cys36Tyr	Pathogenic
Q496F6	p.Ala86Thr	Pathogenic
Q9H9F9	p.Met148Ile	Pathogenic
O14745	p.Arg153Gln	Pathogenic
P68402	p.Val151Met	Pathogenic
A4FU01	p.Met87Val	Pathogenic
P49454	p.Asn2396Asp	Pathogenic
Q8WUY3	p.Ser2439Ile	Pathogenic
P01011	p.Arg3Lys	Pathogenic
P55287	p.Ser373Thr	Pathogenic
Q9UL16	p.Thr94Lys	Pathogenic
Q6ZNG9	p.Ala302Val	Pathogenic
Q3MIW9	p.Glu1295Lys	Pathogenic
Q9H3D4	p.Pro511Thr	Pathogenic
Q32MZ4	p.Gln251Arg	Pathogenic
Q6V0I7	p.Thr3616Met	Pathogenic
Q5HY64	p.Thr265Ala	Pathogenic
Q8IY81	p.Val719Leu	Pathogenic
P42330	p.Lys104Asn	Pathogenic
Q4G0X9	p.Gln580Arg	Pathogenic
P00325	p.His48Arg	Pathogenic
Q99102	p.Thr377Ile	Pathogenic
Q96MT3	p.Val125Ala	Pathogenic
O95477	p.Val771Leu	Pathogenic
O75386	p.Cys438Arg	Pathogenic
Q9NQS7	p.Glu640Asp	Pathogenic
P78332	p.Gly390Ser	Pathogenic
Q5VWP3	p.Ser855Thr	Pathogenic
Q9H4A3	p.Pro2075Leu	Pathogenic
Q6UX15	p.Val14Met	Pathogenic
Q9BWV7	p.Arg425Ter	Pathogenic
Q03519	p.Arg313His	Pathogenic
Q6ZQW0	p.Ser252Thr	Pathogenic
P10646	p.Asn221Ser	Pathogenic
Q9BXB4	p.Asn31Lys	Pathogenic
Q99102	p.Thr398Ile	Pathogenic
Q9Y2G7	p.Arg140Gly	Pathogenic
Q9ULV8	p.His405Asp	Pathogenic
O15533	p.Asp412Asn	Pathogenic
E2RYF6	p.Ser1495Thr	Pathogenic
Q9Y2G2	p.Val132Phe	Pathogenic
O95235	p.Lys827Gln	Pathogenic
A0A0A0MRA3	p.Pro3637Ser	Pathogenic
Q8TCU4	p.Ile2072Thr	Pathogenic
P07202	p.Asp666Glu	Pathogenic
Q9BY32	p.Pro32Ala	Pathogenic
Q6ZS81	p.Arg1816Gln	Pathogenic
Q9NZW4	p.Arg358Lys	Pathogenic
Q5VZ89	p.Ile241Leu	Pathogenic
P01911	p.Phe264Leu	Pathogenic
P27815	p.Ala497Glu	Pathogenic
P11712	p.Arg150Pro	Pathogenic
Q96C45	p.Leu844Met	Pathogenic
P08709	p.Arg413Leu	Pathogenic
O15014	p.Gly142Cys	Pathogenic
Q6ZSJ9	p.Val248Ile	Pathogenic
Q9GZQ4	p.Val48Leu	Pathogenic
O95628	p.Val548Ile	Pathogenic
Q8NGZ4	p.Asp175Glu	Pathogenic
Q9H013	p.Gly660Asp	Pathogenic
Q9Y2G8	p.Arg235His	Pathogenic
P00533	p.Arg521Met	Pathogenic
E2RYF6	p.Ile128Val	Pathogenic
Q5SRH9	p.Ile557Met	Pathogenic
O43529	p.Ala10Thr	Pathogenic
Q01538	p.Lys138Glu	Pathogenic
Q969T3	p.Ala36Thr	Pathogenic
Q96QC4	p.Glu196Lys	Pathogenic
Q13107	p.Asp320Glu	Pathogenic
Q9UM63	p.Asn304Thr	Pathogenic
Q9H341	p.Pro165Leu	Pathogenic
Q8N8W4	p.Ser436Pro	Pathogenic
Q13007	p.Tyr124Asp	Pathogenic
Q8WZ42	p.Ala7111Glu	Pathogenic
Q9UJ78	p.Cys137Tyr	Pathogenic
P10321	p.Thr363Ala	Pathogenic
Q5H9U9	p.Val754Ala	Pathogenic
Q96MR9	p.Arg532His	Pathogenic
Q9UPN3	p.Met2290Val	Pathogenic
P10124	p.Ser100Phe	Pathogenic
Q14517	p.Ser3554Ala	Pathogenic
Q149M9	p.Ala1134Val	Pathogenic
P22748	p.Met139Leu	Pathogenic
O75143	p.Gly397Arg	Pathogenic
Q9Y5H4	p.Pro568Arg	Pathogenic
O43819	p.Arg20Gln	Pathogenic
Q53S48	p.Leu458Val	Pathogenic
Q8WVV5	p.Ala255Pro	Pathogenic
Q9BV10	p.Ile218Val	Pathogenic
Q14653	p.Arg194Gln	Pathogenic
P07202	p.Asp609Glu	Pathogenic
Q8N957	p.Asp729Asn	Pathogenic
A4FU49	p.Lys603Arg	Pathogenic
Q496H8	p.Glu51Lys	Pathogenic
P43146	p.Met1217Ile	Pathogenic
Q9UKL2	p.Ser272Pro	Pathogenic
Q7Z410	p.Thr979Ser	Pathogenic
Q92989	p.Val217Ala	Pathogenic
Q02383	p.Arg417His	Pathogenic
Q9P202	p.Gly255Asp	Pathogenic
Q13972	p.Ala1109Thr	Pathogenic
Q9Y6A5	p.Gln4Arg	Pathogenic
Q96RY5	p.Pro506Leu	Pathogenic
P10321	p.Ser101Thr	Pathogenic
Q9UPN3	p.Ala4350Thr	Pathogenic
Q86YD5	p.Glu16Asp	Pathogenic
Q9NYA4	p.Leu170Met	Pathogenic
Q16827	p.Asp1046Glu	Pathogenic
P56975	p.Asn552Lys	Pathogenic
Q8IYD9	p.Thr114Ser	Pathogenic
P80303	p.Gln403Glu	Pathogenic
Q8TEP8	p.Leu1394Phe	Pathogenic
P38398	p.Pro871Arg	Pathogenic
P22362	p.Ile56Val	Pathogenic
P17927	p.Ile2065Val	Pathogenic
Q96EP1	p.Ala456Val	Pathogenic
Q9UBV4	p.Met144Thr	Pathogenic
Q9BQB6	p.Pro83Leu	Pathogenic
Q8WZ42	p.Ile25207Val	Pathogenic
Q9Y592	p.Arg209Gln	Pathogenic
Q8IY92	p.Arg737His	Pathogenic
A0PJX8	p.Ser231Leu	Pathogenic
A6NM36	p.Ser249Gly	Pathogenic
Q92989	p.Thr381Ala	Pathogenic
Q9P225	p.Arg1251Gln	Pathogenic
Q96QU1	p.Glu997Gly	Pathogenic
Q8N5R6	p.Met432Leu	Pathogenic
Q68CQ7	p.Ala80Thr	Pathogenic
Q9UKG9	p.Glu118Asp	Pathogenic
Q8TER0	p.Val134Ile	Pathogenic
Q8TDN1	p.Arg68Gly	Pathogenic
Q8N841	p.Glu405Asp	Pathogenic
P52735	p.Met584Val	Pathogenic
Q9Y2I6	p.Trp958Arg	Pathogenic
Q5T8D3	p.Thr463Met	Pathogenic
Q12931	p.Arg692Leu	Pathogenic
P04440	p.Leu136Val	Pathogenic
Q149M6	p.Val525Phe	Pathogenic
Q6ECI4	p.Lys680Glu	Pathogenic
P98160	p.Arg1637Cys	Pathogenic
Q6ZU64	p.Leu1205Phe	Pathogenic
Q5T601	p.Thr13Ile	Pathogenic
Q5SR05	p.Arg157Gln	Pathogenic
P23467	p.Thr1472Ile	Pathogenic
O43823	p.Arg194His	Pathogenic
Q149M6	p.Ser676Asn	Pathogenic
P22105	p.Pro3352Ser	Pathogenic
Q8WZ42	p.Asp5091Gly	Pathogenic
Q14678	p.Arg509His	Pathogenic
Q8N4L2	p.Gly212Val	Pathogenic
P11509	p.Arg203Gly	Pathogenic
P49286	p.Val65Ala	Pathogenic
Q9Y5H5	p.Ala823Asp	Pathogenic
Q9Y6B7	p.Val252Ala	Pathogenic
Q12931	p.Arg692Pro	Pathogenic
Q4G0X9	p.Arg472Trp	Pathogenic
P52849	p.Arg506Gln	Pathogenic
Q9HBI1	p.Trp37Arg	Pathogenic
Q96S94	p.Arg507His	Pathogenic
Q14123	p.Ala4Val	Pathogenic
Q6NTE8	p.Arg6Cys	Pathogenic
P86452	p.Phe560Leu	Pathogenic
P48552	p.Asn851Tyr	Pathogenic
Q13061	p.Gln456Arg	Pathogenic
Q92766	p.Pro1141Arg	Pathogenic
Q9H0K6	p.Arg527Cys	Pathogenic
P57771	p.Asn3Ser	Pathogenic
F8WCM5	p.Leu144Pro	Pathogenic
P17039	p.Ser24Phe	Pathogenic
Q9UM47	p.Thr836Ile	Pathogenic
Q86VF7	p.Ser455Leu	Pathogenic
Q96MN2	p.Ser617Gly	Pathogenic
O95602	p.Arg1387Gln	Pathogenic
O94806	p.Arg297His	Pathogenic
Q96RG2	p.Cys859Tyr	Pathogenic
O75477	p.Ile291Val	Pathogenic
Q8WUQ7	p.Pro490Thr	Pathogenic
Q9UIF9	p.Val927Met	Pathogenic
P22455	p.Gly388Arg	Pathogenic
Q8IWB6	p.Gly1082Asp	Pathogenic
Q9UHL9	p.Ile684Val	Pathogenic
Q8TDU9	p.Tyr309Cys	Pathogenic
Q96FZ7	p.Ala195Ser	Pathogenic
Q9H4A3	p.Cys1758Ser	Pathogenic
Q96M86	p.Val2374Met	Pathogenic
Q8IXS0	p.Met442Leu	Pathogenic
P48681	p.Glu927Val	Pathogenic
P51878	p.Phe42Leu	Pathogenic
Q9NZM3	p.Ala1507Thr	Pathogenic
Q8NF91	p.Asn7486Lys	Pathogenic
Q16706	p.Phe841Tyr	Pathogenic
Q96KW2	p.Pro49Thr	Pathogenic
Q8N2E2	p.Ser142Phe	Pathogenic
P11413	p.Val98Met	Pathogenic
A0A1B0GTN4	p.Pro464Gln	Pathogenic
P04053	p.Arg467Gln	Pathogenic
Q8IWT3	p.Gly282Glu	Pathogenic
P11245	p.Arg268Lys	Pathogenic
Q6AI14	p.Gly784Ser	Pathogenic
Q9BZZ2	p.Arg1244Cys	Pathogenic
Q5VVC0	p.Glu71Gln	Pathogenic
Q13765	p.Phe405Ser	Pathogenic
Q5VYJ5	p.Thr469Ala	Pathogenic
Q9Y6P5	p.Leu103Ile	Pathogenic
Q9NVI1	p.Met776Val	Pathogenic
Q15645	p.Val82Phe	Pathogenic
Q3SYC2	p.Asn237Ser	Pathogenic
O60237	p.Arg800Trp	Pathogenic
Q7Z601	p.Val69Ile	Pathogenic
Q96Q27	p.Asn184Asp	Pathogenic
Q8NEG0	p.Arg30Trp	Pathogenic
P00533	p.Glu257Lys	Pathogenic
Q9Y2P4	p.Val119Ile	Pathogenic
O95125	p.Val154Glu	Pathogenic
Q07954	p.Arg4518Ser	Pathogenic
Q04609	p.Tyr60His	Pathogenic
O75386	p.Asp140Asn	Pathogenic
Q70SY1	p.Val130Phe	Pathogenic
P0DJI9	p.Arg89Leu	Pathogenic
Q11130	p.Arg234His	Pathogenic
Q8IW35	p.Leu399Phe	Pathogenic
P07996	p.Asn601Ser	Pathogenic
O75155	p.Arg489Cys	Pathogenic
P15559	p.Arg139Gly	Pathogenic
Q9H7B4	p.Lys13Asn	Pathogenic
P40939	p.Glu510Gln	Pathogenic
P55211	p.Arg192Ser	Pathogenic
P56715	p.Ala1326Pro	Pathogenic
Q13336	p.Arg4Trp	Pathogenic
P10243	p.Phe252Ile	Pathogenic
Q9Y2R2	p.Asp379Gly	Pathogenic
O75386	p.Asp140His	Pathogenic
Q9BY12	p.Met1Val	Pathogenic
Q8NAA5	p.Arg231His	Pathogenic
Q8NEG2	p.Pro124Leu	Pathogenic
P41440	p.Val342Phe	Pathogenic
P35555	p.Ala2025Ser	Pathogenic
Q8N4F4	p.Thr58Ser	Pathogenic
Q9P2E9	p.Arg891Leu	Pathogenic
Q9BW71	p.Glu532Asp	Pathogenic
Q6ZWE6	p.Thr256Met	Pathogenic
Q6PDB4	p.Tyr150Cys	Pathogenic
Q9H5H4	p.Glu182Gly	Pathogenic
P16471	p.Glu578Gln	Pathogenic
Q53RT3	p.Arg338Trp	Pathogenic
Q96QB1	p.Val1072Ile	Pathogenic
Q05901	p.Val368Met	Pathogenic
Q8NEG2	p.Pro201His	Pathogenic
Q8WYP5	p.Asn883Ser	Pathogenic
Q8N323	p.Gly211Arg	Pathogenic
Q5SQS7	p.Leu131Pro	Pathogenic
P10321	p.Ser101Ile	Pathogenic
O60313	p.Pro29Ala	Pathogenic
O15484	p.Val49Ile	Pathogenic
Q53SF7	p.Asn617Asp	Pathogenic
P09525	p.Thr87Met	Pathogenic
Q5T6X5	p.Ile254Thr	Pathogenic
Q93070	p.Asp265Asn	Pathogenic
P03952	p.Ser143Asn	Pathogenic
Q53EV4	p.Glu276Gly	Pathogenic
Q92521	p.Trp299Ter	Pathogenic
Q6EEV6	p.Val55Met	Pathogenic
Q8N2E2	p.Tyr804His	Pathogenic
Q08554	p.Met659Thr	Pathogenic
Q9HC29	p.Gly908Arg	Pathogenic
Q8NB25	p.His841Leu	Pathogenic
Q9BQK8	p.Gln680His	Pathogenic
Q05BV3	p.Ile521Val	Pathogenic
Q9NY46	p.Ala23Val	Pathogenic
Q96Q89	p.Cys1137Arg	Pathogenic
Q8TAX9	p.Gly282Arg	Pathogenic
Q9BZC7	p.Ala465Val	Pathogenic
Q8IWN7	p.Glu1559Lys	Pathogenic
P17927	p.Thr2419Ala	Pathogenic
P04440	p.Leu136Met	Pathogenic
Q8IXS0	p.Gly45Val	Pathogenic
Q9NZC2	p.Arg47His	Pathogenic
Q92521	p.Trp299Ser	Pathogenic
Q8TES7	p.Gly79Val	Pathogenic
Q8NH18	p.His309Tyr	Pathogenic
Q8NFJ6	p.Val331Met	Pathogenic
Q5SRH9	p.Ile554Met	Pathogenic
Q96P15	p.Thr293Ile	Pathogenic
Q86WI1	p.Thr2810Asn	Pathogenic
Q5T5N4	p.Ala347Val	Pathogenic
Q63HK3	p.Ala574Val	Pathogenic
Q9H816	p.His61Asp	Pathogenic
Q92947	p.Gln417Arg	Pathogenic
Q96KW2	p.Arg59Gln	Pathogenic
P16219	p.Arg383Cys	Pathogenic
O14672	p.Arg61His	Pathogenic
Q8N4W9	p.Asn518Ser	Pathogenic
Q12923	p.Phe1337Leu	Pathogenic
Q9NR09	p.Thr2674Ser	Pathogenic
Q9UL16	p.Arg511His	Pathogenic
P19838	p.Arg579Lys	Pathogenic
P38398	p.Glu1038Ala	Pathogenic
Q5FVE4	p.Ser96Tyr	Pathogenic
P98164	p.Ala2872Pro	Pathogenic
P20036	p.Thr114Pro	Pathogenic
P51580	p.Arg163Cys	Pathogenic
Q8NC56	p.Lys332Arg	Pathogenic
Q8WXI7	p.Ser3337Leu	Pathogenic
Q9HCJ6	p.Ala48Val	Pathogenic
P06276	p.Asp98Gly	Pathogenic
Q96C45	p.Val851Ile	Pathogenic
P32929	p.Cys229Arg	Pathogenic
P25391	p.Ala558Val	Pathogenic
Q9Y5A7	p.Val517Met	Pathogenic
Q8N8L6	p.Glu66Lys	Pathogenic
Q9NQW6	p.Ile1109Val	Pathogenic
P0DJI9	p.Arg89His	Pathogenic
Q8WUY3	p.Ser2618Gly	Pathogenic
Q8NCD3	p.Glu76Gln	Pathogenic
Q96NA2	p.Gly20Glu	Pathogenic
Q9H7Z3	p.Arg902His	Pathogenic
Q9NV96	p.Ile53Val	Pathogenic
Q9HD67	p.Met903Thr	Pathogenic
P10321	p.Pro208Arg	Pathogenic
Q99102	p.Thr525Ala	Pathogenic
Q9NYZ4	p.Ile409Val	Pathogenic
A6NKG5	p.Ala852Thr	Pathogenic
Q9Y493	p.His1483Pro	Pathogenic
Q9HC29	p.Arg702Trp	Pathogenic
P10321	p.Pro208His	Pathogenic
Q8NBM8	p.Glu373Asp	Pathogenic
Q7Z5N4	p.Asn1893Ser	Pathogenic
Q9C0A1	p.Pro550Thr	Pathogenic
Q9ULZ2	p.Asn127Lys	Pathogenic
Q14525	p.Arg395His	Pathogenic
A8K0R7	p.Leu118Pro	Pathogenic
Q8WZ42	p.Ala5710Val	Pathogenic
Q7Z6I6	p.Asp797His	Pathogenic
Q8IZE3	p.Gly543Ala	Pathogenic
Q9H6R3	p.His163Tyr	Pathogenic
Q96QU1	p.Ile1903Val	Pathogenic
Q9NQS7	p.Met506Lys	Pathogenic
Q9Y6U3	p.Pro154Ala	Pathogenic
Q11203	p.Thr128Ala	Pathogenic
A5PKW4	p.Thr138Pro	Pathogenic
Q8TF21	p.Ser684Thr	Pathogenic
Q9Y6D9	p.Arg558His	Pathogenic
P01920	p.Phe41Tyr	Pathogenic
Q96M20	p.Thr208Met	Pathogenic
Q6ZV65	p.Glu273Lys	Pathogenic
Q8WVE6	p.Val68Met	Pathogenic
Q9HD67	p.Ser1520Leu	Pathogenic
P00739	p.Phe34Cys	Pathogenic
Q8NG95	p.Thr57Asn	Pathogenic
Q16518	p.Ile225Met	Pathogenic
Q8NFM4	p.Tyr774His	Pathogenic
Q5FWE3	p.Gly584Arg	Pathogenic
O75820	p.Asp574Asn	Pathogenic
Q13428	p.Val518Ile	Pathogenic
Q9P2P1	p.Ser275Gly	Pathogenic
Q9ULZ9	p.Leu78Met	Pathogenic
Q76I76	p.Glu970Gln	Pathogenic
O60656	p.Asp256Asn	Pathogenic
A6NI28	p.Ala380Thr	Pathogenic
A2RUB6	p.Arg426Gln	Pathogenic
Q9Y5E9	p.Ile312Leu	Pathogenic
P56715	p.Leu749Phe	Pathogenic
O75129	p.Glu36Lys	Pathogenic
O96018	p.Cys376Gly	Pathogenic
O95428	p.Met666Arg	Pathogenic
Q96DP5	p.Phe58Ile	Pathogenic
P32320	p.Ala70Thr	Pathogenic
P10321	p.Ala8Thr	Pathogenic
Q12809	p.Arg1047Leu	Pathogenic
Q7Z7M0	p.Val307Met	Pathogenic
Q9BV94	p.Ile326Val	Pathogenic
Q9BYJ1	p.Pro11Leu	Pathogenic
Q8IX15	p.Arg502Gln	Pathogenic
P07332	p.Gln18Lys	Pathogenic
Q8IUH8	p.Ser224Pro	Pathogenic
Q9NUQ6	p.Ala379Ser	Pathogenic
Q9H4Y5	p.Val41Ile	Pathogenic
Q96RT1	p.Ile1099Val	Pathogenic
Q5H9U9	p.Arg1387Gln	Pathogenic
Q9P2D8	p.Lys2006Arg	Pathogenic
Q8NEX5	p.Arg62Cys	Pathogenic
Q96A99	p.Gly308Ser	Pathogenic
P78312	p.Pro735Ser	Pathogenic
Q13459	p.Val1700Met	Pathogenic
P50416	p.Ala275Pro	Pathogenic
Q12923	p.Asp599Tyr	Pathogenic
Q9P2F5	p.Ala219Thr	Pathogenic
Q68CR1	p.Ala170Ser	Pathogenic
Q2M243	p.Arg104Lys	Pathogenic
Q5VTE6	p.Arg44Ser	Pathogenic
Q96HJ5	p.Asn171His	Pathogenic
Q96RY7	p.Ile446Val	Pathogenic
P12034	p.Trp81Cys	Pathogenic
P08183	p.Met89Thr	Pathogenic
O00533	p.Tyr52Cys	Pathogenic
P06276	p.Ala567Thr	Pathogenic
Q96KQ7	p.Ser58Phe	Pathogenic
Q5JU67	p.Pro496Ser	Pathogenic
Q96NL3	p.Asp13Asn	Pathogenic
A0A1B0GUV7	p.Leu45Gln	Pathogenic
Q13371	p.Leu4Phe	Pathogenic
Q96A83	p.Arg156Trp	Pathogenic
Q8TAF3	p.Ala306Val	Pathogenic
Q9H4A3	p.Met2060Ile	Pathogenic
Q9ULZ9	p.Ala182Thr	Pathogenic
Q9BW11	p.Arg188Trp	Pathogenic
Q9BWH6	p.Arg1297His	Pathogenic
Q96BH1	p.Arg184Trp	Pathogenic
Q8IWU4	p.Arg276Trp	Pathogenic
P49454	p.Arg2943Ter	Pathogenic
Q8NCS7	p.Arg299Cys	Pathogenic
Q07912	p.Arg877His	Pathogenic
Q96ST8	p.His779Leu	Pathogenic
Q6ZN84	p.Met140Val	Pathogenic
Q9GZR7	p.Gly162Glu	Pathogenic
Q9NZD1	p.Thr248Ile	Pathogenic
Q9Y289	p.Arg521Gln	Pathogenic
O60500	p.Thr294Ile	Pathogenic
P47874	p.Arg28His	Pathogenic
Q9BYE9	p.Arg946Trp	Pathogenic
P86452	p.Leu391Arg	Pathogenic
Q8TBY9	p.Val870Leu	Pathogenic
P12111	p.Met2381Val	Pathogenic
O00590	p.Tyr373Phe	Pathogenic
A4D1F6	p.Ile719Leu	Pathogenic
Q6AZW8	p.Arg97Gln	Pathogenic
Q9H3T3	p.Thr326Met	Pathogenic
O95428	p.Met666Thr	Pathogenic
Q99829	p.Val36Ile	Pathogenic
P40306	p.Leu107Ile	Pathogenic
P0C2Y1	p.Glu166Lys	Pathogenic
P17813	p.Val504Met	Pathogenic
Q9Y2I9	p.Val589Ile	Pathogenic
O00566	p.Arg595Gln	Pathogenic
Q9ULM3	p.Ala1015Thr	Pathogenic
P42126	p.Gly93Ser	Pathogenic
Q86VF2	p.Arg102His	Pathogenic
P07814	p.Asn575Ser	Pathogenic
Q8TE99	p.Phe342Leu	Pathogenic
Q0VD83	p.Pro715Leu	Pathogenic
Q6IQ23	p.Pro862Leu	Pathogenic
O75426	p.Thr574Met	Pathogenic
Q86UP3	p.Val3078Gly	Pathogenic
Q5SNV9	p.Ser824Ile	Pathogenic
Q4AC94	p.Ser1885Pro	Pathogenic
Q96T55	p.Ala277Glu	Pathogenic
Q7Z442	p.Gly1163Arg	Pathogenic
Q6ZVD8	p.Arg1312Gln	Pathogenic
P20702	p.Thr1073Met	Pathogenic
Q8TCT0	p.Val338Gly	Pathogenic
Q9Y251	p.Arg374Gln	Pathogenic
Q6W4X9	p.Asn1562Thr	Pathogenic
Q9P266	p.Glu24Lys	Pathogenic
Q86XU0	p.Asp48His	Pathogenic
Q6ZU69	p.Thr189Met	Pathogenic
Q8N413	p.Arg285Cys	Pathogenic
Q5VST9	p.Arg4558Cys	Pathogenic
Q96M69	p.Lys608Asn	Pathogenic
Q9UGL9	p.Gly20Ser	Pathogenic
Q7Z7G1	p.Ile242Val	Pathogenic
Q9Y6H6	p.Arg83His	Pathogenic
Q8TB22	p.Lys422Arg	Pathogenic
Q8NA72	p.His11Arg	Pathogenic
Q9BZY9	p.His283Gln	Pathogenic
E2RYF6	p.Thr975Ile	Pathogenic
Q68DQ2	p.Val1781Met	Pathogenic
Q96PC5	p.Ile141Met	Pathogenic
Q7Z3B3	p.Asp914Glu	Pathogenic
P07108	p.Ala30Val	Pathogenic
Q86YB7	p.Arg75Gln	Pathogenic
O95994	p.Asn147Lys	Pathogenic
Q86Y91	p.Gln518Arg	Pathogenic
O95477	p.Glu868Lys	Pathogenic
Q8WVB6	p.Glu116Lys	Pathogenic
P00751	p.Arg32Leu	Pathogenic
Q96GQ7	p.Gly206Val	Pathogenic
Q9Y6V0	p.Ser814Thr	Pathogenic
P10321	p.Met285Val	Pathogenic
P59044	p.Arg766Thr	Pathogenic
Q9UNM6	p.Arg62Trp	Pathogenic
Q00889	p.Gly183Val	Pathogenic
P98164	p.Ala2872Ser	Pathogenic
Q7Z6L1	p.Arg37His	Pathogenic
P54289	p.Ile178Val	Pathogenic
Q5VWK5	p.Gly149Arg	Pathogenic
Q6ZWE6	p.Leu637Val	Pathogenic
Q9Y5E9	p.Asn175Ser	Pathogenic
Q76KX8	p.Phe166Ser	Pathogenic
D3W0D1	p.Pro131Thr	Pathogenic
A6NNT2	p.Ser1048Cys	Pathogenic
Q7Z4G4	p.Asp244Gly	Pathogenic
Q5BKX6	p.Asn667Asp	Pathogenic
Q9BZY9	p.Arg72Trp	Pathogenic
Q96MR6	p.Ile863Thr	Pathogenic
Q9UEG4	p.Lys56Asn	Pathogenic
P35462	p.Gly9Ser	Pathogenic
Q9BZV2	p.Ser382Asn	Pathogenic
P0C7T5	p.Ser594Gly	Pathogenic
P49221	p.Thr316Asn	Pathogenic
Q70SY1	p.Val130Leu	Pathogenic
P10321	p.Leu218Val	Pathogenic
P09758	p.Arg135Leu	Pathogenic
Q96BU1	p.Ser103Asn	Pathogenic
Q8WXI7	p.Ser5885Phe	Pathogenic
P10070	p.Arg720His	Pathogenic
P12821	p.Pro485Arg	Pathogenic
Q96QC4	p.Phe7Leu	Pathogenic
Q8TE73	p.Ala4134Asp	Pathogenic
Q9BZQ2	p.Ser18Arg	Pathogenic
Q8TD08	p.Arg260Trp	Pathogenic
Q6UXP7	p.Ser96Ile	Pathogenic
P49796	p.Tyr106Cys	Pathogenic
Q86XA0	p.Leu190Pro	Pathogenic
P12318	p.His166Arg	Pathogenic
P46013	p.Ala2796Val	Pathogenic
P02649	p.Arg176Cys	Pathogenic
Q9NRD8	p.Asp451Asn	Pathogenic
Q2VWP7	p.Glu104Asp	Pathogenic
Q12769	p.Thr351Ser	Pathogenic
Q15643	p.Glu1713Gln	Pathogenic
Q9BXW4	p.Val115Met	Pathogenic
P35225	p.Gln144Arg	Pathogenic
P22105	p.Arg1255His	Pathogenic
P19021	p.Asp563Gly	Pathogenic
Q12769	p.Thr351Pro	Pathogenic
Q14533	p.Leu248His	Pathogenic
Q685J3	p.Glu1942Lys	Pathogenic
P26441	p.Tyr38Cys	Pathogenic
Q86XA0	p.Ala7Val	Pathogenic
P20036	p.Thr114Ser	Pathogenic
Q9NXN4	p.Pro235Leu	Pathogenic
Q93084	p.Asp800Glu	Pathogenic
Q99102	p.Pro4263Ser	Pathogenic
Q75V66	p.Leu321Phe	Pathogenic
O15439	p.Gln1314Leu	Pathogenic
Q8IXU6	p.Ser254Asn	Pathogenic
Q99102	p.Phe300Val	Pathogenic
Q13007	p.Tyr124Asn	Pathogenic
P16442	p.Thr88Ala	Pathogenic
Q9NSN8	p.Val84Ile	Pathogenic
O95487	p.Gln52Pro	Pathogenic
Q68DA7	p.Gly171Val	Pathogenic
Q9UFH2	p.Glu367Lys	Pathogenic
Q9ULJ7	p.Ile391Val	Pathogenic
B4DHF2	p.Ser249Gly	Pathogenic
Q8IWC1	p.Met626Ile	Pathogenic
Q9UK61	p.Thr609Arg	Pathogenic
Q8IYR0	p.Arg141His	Pathogenic
Q8TCU4	p.Gly1416Ala	Pathogenic
O43314	p.Ser1207Gly	Pathogenic
Q4U2R8	p.Arg454Gln	Pathogenic
P56645	p.Val419Met	Pathogenic
Q9P2D7	p.Lys2375Gln	Pathogenic
P08567	p.Arg174Cys	Pathogenic
Q9UHF7	p.Asn222Ser	Pathogenic
P08887	p.Asp358Val	Pathogenic
Q8NHX9	p.Gly387Asp	Pathogenic
O15016	p.His324Arg	Pathogenic
Q9Y2F9	p.Arg165His	Pathogenic
Q9H015	p.Met205Ile	Pathogenic
Q9H2X3	p.Lys246Asn	Pathogenic
O43184	p.Val260Met	Pathogenic
P10632	p.Ile194Met	Pathogenic
O00584	p.Ser221Tyr	Pathogenic
Q96CG8	p.Met1Val	Pathogenic
Q8WXG9	p.Thr1916Ser	Pathogenic
Q8IYT4	p.Ser88Asn	Pathogenic
Q2UY09	p.Arg910His	Pathogenic
P42858	p.Val2788Ile	Pathogenic
Q8WXI7	p.Val3530Ile	Pathogenic
Q96BY6	p.Ile1252Met	Pathogenic
P31629	p.Leu2346Phe	Pathogenic
P08183	p.Trp1108Arg	Pathogenic
Q86UX7	p.Ser386Arg	Pathogenic
Q8WVB6	p.Ala276Val	Pathogenic
P26927	p.Arg703Cys	Pathogenic
Q14028	p.Asn725Lys	Pathogenic
Q8IWV8	p.Thr154Ile	Pathogenic
O76024	p.Asn500Lys	Pathogenic
A0AVK6	p.Ile231Thr	Pathogenic
P10321	p.Val319Ala	Pathogenic
Q14678	p.Ser306Ala	Pathogenic
Q8IU99	p.Arg333Gln	Pathogenic
